,MAE,RMSE,R2
RandomForest,183842.6370781176,920938.6026863962,0.12942084935008435
GradientBoosting,184075.61793724803,920953.104172289,0.1293934321245891
